model,dataset,mse
"GARCH(1,1)",Train,0.00011614167762506827
"GARCH(1,1)",Test,0.0002147192294580498
SV,Train,8.615017364785226e-05
SV,Test,9.519125375008097e-05
